created,title,type,status,tags
2026-06-21,LMP v2: Unified Multi-LLM Extraction Pipeline + Cross-Session Synthesis System,,,
2026-06-21,[✓] What Does 1 2 3 OK-GO Mean?,,,
2026-06-21,Create Chat Mode Transition Skill for Agent Mode Sessions,,,
2026-06-21,Pulse Challenge App - Motivational Journey Tracker with AI Coach & Visual Storytelling,,,
2026-06-21,LLM Knowledge Distillation Pipeline v1.2/1.3 Daily Execution - Zero Sessions,,,
2026-05-02,🗺️ MASTER SESSION — ODYSSEY Project,,,
2026-05-02,✨ MASTER SESSION — EIA / EYA Project,,,
2026-05-02,📚 MASTER SESSION — Notion Memory & Archivage,,,
2026-05-02,🏗️ MASTER SESSION — Y-OS Infrastructure & Interface,,,
2026-05-02,🔧 MASTER SESSION — Y-OS Tool Router & Skills,,,
2026-05-02,🔁 MASTER SESSION — LLM Knowledge Distillation Pipeline,,,
2026-04-09,Building UniversalChatThemeCanon: Complex Web App with Notion Integration,,,
2026-04-09,Apple HomePod Mini Purchase Request with Technical Issues,,,
2026-04-09,Property Sales Campaign to Multinational Companies - Massive Email Outreach,,,
2026-04-09,Building Interactive OpenAI API Demo Platform with Visual Progress,,,
2026-04-09,GPT-Manus Command Bridge Script Implementation with Automated Logging,,,
2026-04-09,GPT-Manus Command Bridge Script Setup and Automation,,,
2026-04-09,LLM Knowledge Distillation Pipeline v1.2 Execution and Documentation,,,
2026-04-09,LLM Knowledge Distillation Pipeline v1.2 Reconstruction and Execution,,,
2026-04-09,LLM Knowledge Distillation Pipeline v1.2 Deployment & Execution Report,,,
2026-04-09,GPT-Manus Command Bridge Script Implementation and Deployment,,,
2026-04-09,LLM Knowledge Distillation Pipeline v1.2 Daily Execution,,,
2026-04-09,Deploy GPT-Manus Command Bridge Script with Automated Logging,,,
2026-04-09,GPT-Manus API Bridge Integration for Command Execution,,,
2026-04-09,GPT-Manus Command Bridge Script Implementation with Automated Logging,,,
2026-04-09,Building UniversalChatThemeCanon: Complex Web App with Notion Integration,,,
2026-04-09,Apple HomePod Mini Purchase Request with Technical Issues,,,
2026-04-09,Property Sales Campaign to Multinational Companies - Massive Email Outreach,,,
2026-04-09,Building Interactive OpenAI API Demo Platform with Visual Progress,,,
2026-04-09,GPT-Manus Command Bridge Script Implementation with Automated Logging,,,
2026-04-09,GPT-Manus Command Bridge Script Setup and Automation,,,
2026-04-09,LLM Knowledge Distillation Pipeline v1.2 Execution and Documentation,,,
2026-04-09,LLM Knowledge Distillation Pipeline v1.2 Reconstruction and Execution,,,
2026-04-09,LLM Knowledge Distillation Pipeline v1.2 Deployment & Execution Report,,,
2026-04-09,GPT-Manus Command Bridge Script Implementation and Deployment,,,
2026-04-09,LLM Knowledge Distillation Pipeline v1.2 Daily Execution,,,
2026-04-09,Deploy GPT-Manus Command Bridge Script with Automated Logging,,,
2026-04-09,GPT-Manus API Bridge Integration for Command Execution,,,
2026-04-09,XRP Risk Analysis and Interactive Dashboard Development,,,
2026-04-09,Design of Intelligent LLM Router Skill for Optimal Model Selection,,,
2026-04-09,yOS Dashboard Complete UI/UX Redesign - Glassmorphism Control Center,,,
2026-04-09,Testing and Capability Analysis of Vercel MCP Connector,,,
2026-04-09,Testing Notion Connector and Exploring Its Features,,,
2026-04-09,Comet Super Browser: AI-Powered Learning Platform Development,,,
2026-04-09,Desktop File Organization by Semantic Groups,,,
2026-04-09,Site web Ludivine - Navigation mobile et optimisation performances,,,
2026-04-09,Automatic Mac Accessibility Keyboard Generator Development,,,
2026-04-09,Make Connector Authentication Testing and Setup Guidance,,,
2026-04-09,Automatisation écran projection avec solution domotique Shelly,,,
2026-04-09,Production Remotion Bonjour Soleil + Architecture Monitoring Y-OS,,,
2026-04-09,Optimizing API Access and Resource Management Architecture,,,
2026-04-09,YANTRA MVP Development: Comprehensive Social Marketing Automation System,,,
2026-04-09,Universal Selector Architecture - Multi-Session Archive System,,,
2026-04-09,Strategy for ChatGPT conversation history synthesis and defragmentation,,,
2026-04-09,Van Rental and Transport Options Sicily to Haute-Nendaz Analysis,,,
2026-04-09,Create n8n Account and Setup Basic Webhook Workflow,,,
2026-04-09,Building Real-Time Crypto News Dashboard with Live Market Data,,,
2026-04-09,Private Equity Price Predictions Analysis: SpaceX; OpenAI; ,,,
2026-04-09,Fusion et Amélioration de Deux Skills AI pour Archivage,,,
2026-04-09,Créer un système de synthèse progressive pour projet manus,,,
2026-04-09,ClickUp Connector Testing and Task Creation,,,
2026-04-09,Building UniversalChatThemeCanon: Complex Web App with Notion Integration,,,
2026-04-09,Crypto Market Analysis: BTC; ETH & XRP Selling Strategy Dashboard,,,
2026-04-09,ClawBridge Desktop Automation Agent Installation and Configuration,,,
2026-04-09,iOS Browser Extension Prompt Issue - Product Feedback Request,,,
2026-04-09,BTC ETH Cycle Analysis: Expert Predictions and Portfolio Strategy to 2029,,,
2026-04-09,Shopping for HomePod Mini and Standard - Comparing Prices and Options,,,
2026-04-09,How to Create a 3-Minute Video on Blue Cats,,,
2026-04-09,Chalet Housewarming Invitation Website Creation and Deployment,,,
2026-04-09,Real Estate Valuation Analysis for Annecy Apartment Purchase,,,
2026-04-09,Design and Develop Holistic Health Web App with Testing,,,
2026-04-09,Projet ONE - Domain Name Research and ,,,
2026-04-09,Apple HomePod Mini Purchase Request with Technical Issues,,,
2026-04-09,OneShift Interactive Platform - Vision to Prototype Implementation,,,
2026-04-09,Shopping App Development Prompt for Replit,,,
2026-04-09,Recherche et Catalogue des Top 20 Maisons de Luxe à Bali (Vente/Location),,,
2026-04-09,My Life Odyssey App Development and MVP Delivery,,,
2026-04-09,Manus Memory Cleanup Procedure and Profile Enhancement,,,
2026-04-09,yOS Tree View UI Complete Implementation with Mobile Interface,,,
2026-04-09,Building CasaTAO Guesthouse Website on Replit,,,
2026-04-09,Knowledge Management Tree System with Local State Management,,,
2026-04-09,ClaudeAI Chat Export Analysis - Bulk Notion Database Enhancement,,,
2026-04-09,Creating a Dashboard Showing Global Progress Across Indicators,,,
2026-04-09,Testing Perplexity & Anthropic APIs + 12-Domain Future Framework Design,,,
2026-04-09,Grok API Testing and Demo Script Development,,,
2026-04-09,Manus Desktop Demo and Y-OS Tool Intelligence Layer Development,,,
2026-04-09,Building KNOWN - Civilisation 3.0 Web App,,,
2026-04-09,Build AI-Powered Iris Analysis Web App,,,
2026-04-09,Demo Examples for Manus /status Skill,,,
2026-04-09,Create and Deploy Multi-Agent LLM Analysis App,,,
2026-04-09,Recherche monte-escalier LiftKar d'occasion en France/Suisse,,,
2026-04-09,HARPA AI Extension Integration with yOS,,,
2026-04-09,Crypto Investment Strategy: De-dollarization; AI Disruption & Market Outlook,,,
2026-04-09,Research of Sicilian architects for luxury home renovation in Castelmola,,,
2026-04-09,Premium Photography Website Build Request,,,
2026-04-09,Cost-optimized relocation: 15 boxes + furniture from Sicily to Switzerland,,,
2026-04-09,ASE Agentic Story Engine - Architecture and Mobile UX Refinements,,,
2026-04-09,Create Complete MAGIC AI YouTube Channel with Full Automation,,,
2026-04-09,7d LIFE COACHING Web App Development - Full Stack Beta Implementation,,,
2026-04-09,YOUniverse MVP1 Development & Tana Integration,,,
2026-04-09,Ngrok Account Creation for Development Environment,,,
2026-04-09,LAYOFF Web App MVP Development - Full Build & Deployment,,,
2026-04-09,YouTube Premium Optimization Strategy - Duo Plan Analysis for French Users,,,
2026-04-09,Archiver Agent for Task Management with Batch Operations,,,
2026-04-09,Real Estate Marketing Package Creation for Divonne-les-Bains Apartment,,,
2026-04-09,Testing Airtable Connector and Exploring Its Features,,,
2026-04-09,yOS v1 Complete Build & Website Launch,,,
2026-04-09,Completing ChatGPT Memory Archive and Cleanup Process,,,
2026-04-09,Luxury Interior Spa & Bathtub Research - 180x180cm Max Specifications,,,
2026-04-09,ANANDAZ Home Automation Cockpit MVP Development,,,
2026-04-09,LLM Knowledge Distillation Pipeline - Complete Setup & Architecture,,,
2026-04-09,AI Micro-Cell Execution Protocol & Restaurant Booking,,,
2026-04-09,Recherche immobilière PMR Bretagne - Aide vente/achat/location,,,
2026-04-09,Setting up Automated Development Skill for Complex Coding Tasks,,,
2026-04-09,Cricket and Whale Sounds Background Creation Request,,,
2026-04-09,yOS Components Registry Architecture & Live Testing Implementation,,,
2026-04-09,Ynot.cafe,,,
2026-04-09,LLM Knowledge Distillation Pipeline v1.2 Execution Report,,,
2026-04-09,ChatGPT Memory Management: Testing OCR Extraction Methods,,,
2026-04-09,Building AI Agent Orchestrator: Manus-MiniMax Collaboration PoC,,,
2026-04-09,GEN5 Cartoon Strip Automation Framework with AI Content Pipeline,,,
2026-04-09,Creating meaningful WhatsApp group acronym for mother's support network,,,
2026-04-09,Chrome Extension for Amazon Product Comparison with CleanMyMac Design,,,
2026-04-09,LLM Knowledge Distillation Pipeline Execution Report,,,
2026-04-09,Integration of Lemlist via MCP for personalized outreach campaigns,,,
2026-04-09,ChatGPT vs Manus: Value Proposition for Non-Technical Power Users,,,
2026-04-09,Whirlpool Bathtub Structural Analysis and Product Research,,,
2026-04-09,Recherche exhaustive appartement adapté fauteuil roulant Divonne-les-Bains,,,
2026-04-09,Creating 1Password Entry for House Key Security Code,,,
2026-04-09,Comparative Analysis: ASN International vs Bupa & Cigna Health Insurance,,,
2026-04-09,LLM Knowledge Distillation Pipeline v1.3 Execution,,,
2026-04-09,YOUniverse Project Introduction & Gmail Processing Architecture,,,
2026-04-09,GPT-Manus Bridge Script Setup and Command Protocol Definition,,,
2026-04-09,LLM Knowledge Distillation Pipeline v1.2 Daily Execution,,,
2026-04-09,Comparison of n8n; Opal; MindStudio for AI IT Professionals,,,
2026-04-09,What Does 1 2 3 OK-GO Mean?,,,
2026-04-09,Cryptocurrency Market Analysis and Price Predictions for 2025-2026,,,
2026-04-09,Y-OS — Skill Summary : Synthèse Interactive de Conversations,,,
2026-04-09,LLM Knowledge Distillation Pipeline v1.2 Daily Execution,,,
2026-04-09,Property Sales Campaign to Multinational Companies - Massive Email Outreach,,,
2026-04-09,Creating Context Injection Skill (@ctx) for Project Development,,,
2026-04-09,Comparative analysis of French health insurance offers (PS1230/PS1330 vs Malakoff),,,
2026-04-09,Biweekly MCP Technology Watch for Y-OS Architecture,,,
2026-04-09,Deciphering Handwritten Notes and Setting Up LUDIVINE Project Memory,,,
2026-04-09,Création simulation 3D tiny planet interactive pour Spline,,,
2026-04-09,Memory Access Discovery - System Understanding vs Persistent Context,,,
2026-04-09,Manus to Notion Session Export PoC - Multi-mode Export System,,,
2026-04-09,LLM Knowledge Distillation Pipeline v1.2 Execution Attempt,,,
2026-04-09,Multi-LLM Memory Architecture: Shared ChatGPT Link Implementation,,,
2026-04-09,Creation of bird ambiance meditation audio on slowing down,,,
2026-04-09,Future NEWS - Complete Journal Redesign and Mobile Optimization,,,
2026-04-09,BTC Price Analysis Based on Raoul Pal's 6-Week Market Views,,,
2026-04-09,Best Domain Name Ideas for Spirituality Site,,,
2026-04-09,XR Copilot MVP Development - Full Flutter App Architecture,,,
2026-04-09,yOS Voice Layer Architecture & AI Voice Interface Development,,,
2026-04-09,AI Book Cover Creator - Design App Development for Weavy Platform,,,
2026-04-09,Generate AYUTO! PDF #1 for Vision-Impaired Father,,,
2026-04-09,User Inquiry About Student and Nonprofit Pricing Discounts,,,
2026-04-09,High-End Electric SUV Purchase Decision: 2025 vs 2026 Models Analysis,,,
2026-04-09,Problème d'installation/confirmation d'action sur iOS,,,
2026-04-09,Visual Design Experimentation: Mosaic Zones and Castle Modifications,,,
2026-04-09,Creating GratiTude App - MVP Development with AI Assistance,,,
2026-04-09,YOS Manus Language v1.2: Transcript Tag System Implementation,,,
2026-04-09,Testing Instagram Creator Marketplace Connector and Features,,,
2026-04-09,Research Collection: Essential Resources for AI; Robotics & Future Energy,,,
2026-04-09,GPT-Manus Command Bridge Script Deployment for Relevance AI Integration,,,
2026-04-09,Testing Playwright MCP Connector and Web Automation Features,,,
2026-04-09,Ludivine Website Integration Project — Content Structure & Design Rollback,,,
2026-04-09,Building Interactive OpenAI API Demo Platform with Visual Progress,,,
2026-04-09,Création d'un mindmap interactif avec génération IA dynamique,,,
2026-04-09,Research for Foldable Wheelchair Ramps for 20-step Staircase,,,
2026-04-09,French Comic Series on Technological Society Evolution for Adults,,,
2026-04-09,YOS Agent Ecosystem Creation - Y-Auth & Universal Agent Architecture,,,
2026-04-09,AI Creation Tools Comprehensive Market Analysis & Interactive Explorer,,,
2026-04-09,Create Chat Mode Transition Skill,,,
2026-04-09,Création d'une vitrine interactive pour agence immobilière,,,
2026-04-09,Creating Image Variants with 7 Subtle Differences and Animated GIFs,,,
2026-04-09,LLM Knowledge Distillation Pipeline v1.2 Execution & Reconstruction,,,
2026-04-09,FIX Collection Website Development - Complete Implementation,,,
2026-04-09,Insurance Options for Rehabilitation Coverage in France,,,
2026-04-09,Best AI Platforms for Multimedia Creation and Investment Analysis,,,
2026-04-09,Creation of Manus-Notion Memory Management System,,,
2026-04-09,Real Estate Analysis Guide for Divonne-les-Bains Property Sale,,,
2026-04-09,GPT-Manus Command Bridge Script Implementation with Automated Logging,,,
2026-04-09,SATVA Life Dashboard - Holistic Life Management Platform Design,,,
2026-04-09,ElevenLabs API Testing and Feature Demonstration,,,
2026-04-09,Can ChatGPT Extract Personal Data From Notion Exports?,,,
2026-04-09,Request for Project Analysis and Documentation Development Plan,,,
2026-04-09,GPT-Manus Command Bridge Script Setup and Automation,,,
2026-04-09,Building MeOS 4.0: A Sentient AI Operating System,,,
2026-04-09,Y Symbolism Research Project,,,
2026-04-09,Knowledge Base Migration: 16 Core Manus Entries Setup,,,
2026-04-09,YOS Memory Boot Sector: Building Cross-Session Memory System,,,
2026-04-09,Pulse Challenge App - Complete Project Brief & Development,,,
2026-04-09,Abbé Pierre Sexual Abuse Scandal - Comprehensive Investigation Report,,,
2026-04-09,[EIA] Credo — Page Web Rose/Or & Archivage Notion,,,
2026-04-09,n8n Multilingual Message Translation Workflow Creation,,,
2026-04-09,Creating WHY NOT? Video and Website - Full Autonomous Production,,,
2026-04-09,Adding Hidden Line Art Animals to Abstract Photo,,,
2026-04-09,Google Gemini API Testing and Demo Script Development,,,
2026-04-09,LLM Knowledge Distillation Pipeline v1.2 Execution Process,,,
2026-04-09,Création espace Notion complet pour Radio Robi Retreat,,,
2026-04-09,100 Luxe Models: Comprehensive Spa & Whirlpool Research with Interactive Selection,,,
2026-04-09,Pergola automation motorization system design and cost optimization,,,
2026-04-09,LLM Knowledge Distillation Pipeline v1.2 Execution and Documentation,,,
2026-04-09,Optimizing Investments Between V1 and V2 Strategies,,,
2026-04-09,Karpathy's AutoResearch ML Agent Experiment - Status Review and Community Findings,,,
2026-04-09,Ordering snow gear for Tao the Maltese: full-body suit and booties,,,
2026-04-09,Building AI-Powered Idea2MVP Platform: From Concept to Deployment,,,
2026-04-09,Knowledge Distillation Pipeline v1.2 Reconstruction and Execution,,,
2026-04-09,Fireflies MCP Integration Setup - Browser Connectivity Issues,,,
2026-04-09,7d LIFE Coaching App: From Presentation Request to Functional Beta,,,
2026-04-09,Generating Galaxy JSON and Visualizing with Three.js,,,
2026-04-09,LLM Knowledge Distillation Pipeline v1.2 - Execution & MCP Bug Fix,,,
2026-04-09,LLM Knowledge Distillation Pipeline v1.2 Execution and Debugging,,,
2026-04-09,OpenRouter API Testing and Demo Script Creation,,,
2026-04-09,Pinecone Vector DB Selection & PoC for yOS Memory System,,,
2026-04-09,Senior Housing Website for Annecy Area with Services Directory,,,
2026-04-09,YouTube Video Analysis: Smart Money Stock Picks Verification,,,
2026-04-09,Y-OS Agent Architecture Completion and Notion Consolidation Strategy,,,
2026-04-09,Creating dev Skill with /skill-creator: Automated Code Development Agent,,,
2026-04-09,YOS LLM Router Skill Architecture Design Session,,,
2026-04-09,Testing Webflow Connector and Creating Photo Gallery Website,,,
2026-04-09,General Coupon Website Creation with Ambiguous Requirements,,,
2026-04-09,Portfolio tracker app with Musk investments explanation,,,
2026-04-09,GRAVIS Scooter Price Comparison Dashboard Development and Vendor Research,,,
2026-04-09,Domain accessibility check for ,,,
2026-04-09,Debugging 302 Issue,,,
2026-04-09,Tesla Q4 2025 Sales Analysis and Tech News Briefing Summary,,,
2026-04-09,Canonical Memory Management: Inter-Session Memory and Task Organization,,,
2026-04-09,Development of Custom AI System Based on Matured ChatGPT Conversation,,,
2026-04-09,Développement CareGlyph : interface visuelle clinique par glyphes,,,
2026-04-09,WHY NOT? Label Video Creation - Autonomous Production with Full Authorization,,,
2026-04-09,Deploy GPT-Manus Command Bridge with Automated Polling & Logging,,,
2026-04-09,Tana Graph Visualizer Architecture: MCP vs REST Server Analysis,,,
2026-04-09,LLM Knowledge Distillation Pipeline v1.2 Reconstruction and Execution,,,
2026-04-09,Logo Design Concept for Future News App,,,
2026-04-09,Comparison Analysis: Sintra AI vs Y-OS Team for Cognitive Architecture,,,
2026-04-09,Terminal command copy-paste assistance for Gemini chat,,,
2026-04-09,EasyDubs Clone - Translation and Voice Generation App,,,
2026-04-09,Product Research: WOCA Wood Care Products Shipping to Switzerland,,,
2026-04-09,GPT-Manus Command Bridge Script Setup with Hourly Automation,,,
2026-04-09,Real Estate Valuation Analysis - Divonne-les-Bains Property,,,
2026-04-09,LLM Knowledge Distillation Pipeline v1.2 Deployment & Execution Report,,,
2026-04-09,Création de Site Web Original et Interactif avec EYA,,,
2026-04-09,Flux API Testing and Demo Script Development,,,
2026-04-09,WhatsApp → Y-OS Memory Pipeline Implementation,,,
2026-04-09,Manus Skills Catalog Discovery and Curation,,,
2026-04-09,LLM Knowledge Distillation Pipeline v1.2 Daily Execution,,,
2026-04-09,Greek Style Interior Redesign: Party Bus to Mediterranean Oasis,,,
2026-04-09,LLM Knowledge Distillation Pipeline v1.2 Daily Execution,,,
2026-04-09,GPT-Manus Command Bridge Deployment for Relevance AI Integration,,,
2026-04-09,Testing Remote MCP Connector and Capabilities Overview,,,
2026-04-09,Gmail Receipt Scanning Access Issues and Credential Management,,,
2026-04-09,Veille MCP bimensuelle Y-OS : radar technologique et signaux émergents,,,
2026-04-09,Testing HeyGen AI Avatar Video Generation with French Poetry,,,
2026-04-09,AI News Digest: Major Platform Updates and Industry Developments,,,
2026-04-09,Weekly capabilities update: new media generation and system integrations,,,
2026-04-09,Réservation séjour anniversaire Impérial Palace Annecy,,,
2026-04-09,Insider Monkey Newsletter Analysis - Market Intelligence & Investment Insights,,,
2026-04-09,yOS Core Architecture Definition & Telegram Voice Bot Planning,,,
2026-04-09,LLM Knowledge Distillation Pipeline v1.2 Execution,,,
2026-04-09,How to Run and Schedule LLM Knowledge Distillation Pipeline,,,
2026-04-09,LLM Knowledge Distillation Pipeline v1.2 Reconstruction and Deployment,,,
2026-04-09,Comprehensive Luxury Concierge Business Analysis & Website Development,,,
2026-04-09,Comprehensive App Organization and AI Tools Integration Setup,,,
2026-04-09,Full Stack Development Sprint: TaoStrip Webapp Rapid Build,,,
2026-04-09,LLM Knowledge Distillation Pipeline v1.2 & Manus Task State Adapter Dev,,,
2026-04-09,Execute GPT-Manus Command Bridge Script with Automated Polling,,,
2026-04-09,LLM Knowledge Distillation Pipeline v1.3 Daily Run Execution,,,
2026-04-09,Mem0 Memory Architecture Analysis and Y-OS Stack Integration,,,
2026-04-09,GPT-Manus Bridge Script Management and Cron Control,,,
2026-04-09,LLM Knowledge Distillation Pipeline v1.2 Reconstruction & Execution,,,
2026-04-09,Senior Residences Research Dashboard Deployment & Metrics,,,
2026-04-09,Linear MCP Connector Testing and Capability Assessment,,,
2026-04-09,GPT-Manus Command Bridge Setup for Relevance AI Integration,,,
2026-04-09,Gmail Receipt Processing - Access Method Discussion,,,
2026-04-09,Troubleshooting Empty LLM Knowledge Distillation Pipeline Execution,,,
2026-04-09,Testing HubSpot Connector Authentication and Feature Overview,,,
2026-04-09,Profile Memory Check - Understanding Manus Context,,,
2026-04-09,Deploy Unified Planetary Transformation Ecosystem Website,,,
2026-04-09,Telegram Interface Setup and Memory Architecture Explanation,,,
2026-04-09,Finalizing Multilingual Spiritual Library Platform Launch,,,
2026-04-09,Generate JSON for n8n Workflow to Create LearnWorlds Course,,,
2026-04-09,OpenClaw Installation & Setup vs Manus Comparison,,,
2026-04-09,GPT-Manus Command Bridge Script Implementation and Deployment,,,
2026-04-09,Request Optimizer Skill Creation and Testing Session,,,
2026-04-09,Media & Crea Project Summary: GIF Creation; PDF Translation; Ludivine Memory System,,,
2026-04-09,GPT-Manus Command Bridge Script Deployment and Configuration,,,
2026-04-09,Testing Vercel MCP Connector Integration and Feature Exploration,,,
2026-04-09,Replicate API Testing and Demo Script Development,,,
2026-04-09,Blue Cat Website Development with Visual Design,,,
2026-04-09,Personal Color Analysis Website with Custom Fashion Illustrations,,,
2026-04-09,Demo and Testing of /llm-router Skill Integration,,,
2026-04-09,Wrike MCP Connector OAuth Authentication Troubleshooting,,,
2026-04-09,LLM Knowledge Distillation Pipeline v1.2 Execution Report,,,
2026-04-09,How to Create a PopClip Extension for Text-Based Chat,,,
2026-04-09,Test Archive Attendance and Session Navigation Fusion,,,
2026-04-09,Human Awakening Lab Website Deployment with Unified Architecture,,,
2026-04-09,Building yOS Voice Telegram Bot with Manus Integration,,,
2026-04-09,Créer une liste des 100 derniers éléments du clipboard Mac,,,
2026-04-09,LLM Knowledge Distillation Pipeline v1.2 Daily Execution,,,
2026-04-09,Create TEAM - Relevance AI Email Management System Deployment,,,
2026-04-09,LLM Knowledge Distillation Pipeline v1.2 Execution and Debug,,,
2026-04-09,Testing Wix Connector Capabilities and Documentation,,,
2026-04-09,MDMA-Oneness Journey Program: Full-Stack Web App Development,,,
2026-04-09,Recherche baignoire balnéo avec jets de massage - Analyse comparative,,,
2026-04-09,MCP Server Configuration Guidance - Notion SSE Integration,,,
2026-04-09,Building Odyssey Web App: Manus vs Claude Opus Performance Showdown,,,
2026-04-09,LLM Knowledge Distillation Pipeline v1.2 Execution Process,,,
2026-04-09,Email Review and n8n Instance Access Session,,,
2026-04-09,3D Pool Model Generation from Architectural Plans - Taormina Project,,,
2026-04-09,LLM Knowledge Distillation Pipeline v1.2 Execution,,,
2026-04-09,YOUnuversity.life,,,
2026-04-09,Testing and Using the Invideo Connector Features,,,
2026-04-09,LLM Knowledge Distillation Pipeline v1.2/1.3 Daily Execution,,,
2026-04-09,Testing Hugging Face Connector and 3D AI Model Comparison,,,
2026-04-09,LLM Knowledge Distillation Pipeline v1.2 Execution & Bug Fix,,,
2026-04-09,Protocole de fusion de sessions ChatGPT redondantes - MVP fonctionnel,,,
2026-04-09,Inner Compass - Full-Stack Spiritual Guidance App Development,,,
2026-04-09,Testing and Demonstrating Firecrawl Connector Features,,,
2026-04-09,Where to Define Secrets in Manus Environment,,,
2026-04-09,Manus MMM v2.0 Demo: Complete Memory Management Infrastructure,,,
2026-04-09,Defining the Subscription Management Module for Y-Finance-Manager,,,
2026-04-09,Create animated transparent GIF monkey jumping in water,,,
2026-04-09,Real Estate Valuation: Divonne-les-Bains Apartment Analysis,,,
2026-04-09,Design Mode vs Image Generation: System Thinking Over Pixel Production,,,
2026-04-09,Deploy GPT-Manus Command Bridge Script with Automated Logging,,,
2026-04-09,Y-OS Universal Access Architecture: TreeMap Module & System Control,,,
2026-04-09,File Organizer Skill Demo: Downloads Folder Organization,,,
2026-04-09,Starlab Space Investment Analysis and Website Deployment,,,
2026-04-09,GPT-Manus Command Bridge Script Implementation and Automation,,,
2026-04-09,VoixItalia: French-to-Italian voice translation app with emotional fidelity,,,
2026-04-09,Introduction to Jam Connector Testing and Capabilities,,,
2026-04-09,LLM Knowledge Distillation Pipeline v1.2 Execution & Reconstruction,,,
2026-04-09,YouTube Watch History Analyzer App Development and Deployment,,,
2026-04-09,Automating GPT-Manus Command Bridge with MCP Server Exposure,,,
2026-04-09,GPT-Manus Command Bridge Implementation and Deactivation,,,
2026-04-09,GPT-Manus Command Bridge Script Deployment and Automation Setup,,,
2026-04-09,VISUAL REALITY UI Testing & Mobile UX Optimization,,,
2026-04-09,Testing ,,,
2026-04-09,yOS Knowledge Compilation & Dashboard UI/UX Redesign,,,
2026-04-09,Y-OS Tech Infrastructure — MCP Surveillance + Connector Activation + TECH-SEC Creation,,,
2026-04-09,Testing and Exploring Dify MCP Connector Capabilities,,,
2026-04-09,LLM Knowledge Distillation Pipeline v1.2 Execution and Reconstruction,,,
2026-04-09,Troubleshooting Temu Shopping Cart Access and Login Issues,,,
2026-04-09,Domain Strategy Research: o-n-e Extensions for Umbrella Brand,,,
2026-04-09,Project FIX: Interactive Global Challenges Dashboard Creation & Deployment,,,
2026-04-09,Cost Analysis and Plan Optimization for Manus Subscription,,,
2026-04-09,YOS v2 OpenWebUI Deployment with Cognitive Pipeline Architecture,,,
2026-04-09,Knowledge Management Memory Optimization Plan,,,
2026-04-09,GPT-Manus API Bridge Integration for Command Execution,,,
2026-04-09,Best Fully Electric Luxury SUV with Long Range,,,
2026-04-09,Best Price Search for Livasia Thai Cushion with Swiss Delivery,,,
2026-04-09,Accessing ChatGPT Agent from Europe: VPN Issues and Alternatives,,,
2026-04-09,Cyclisme en Sicile : planification d'itinéraire et conseils de voyage,,,
2026-04-09,Youniverse Dashboard: Complete AI Memory System Development,,,
2026-04-09,Research Ficus Giant Plants: Online vs Physical Swiss Retailers,,,
2026-04-09,Testing Playwright Web Automation Connector Features,,,
2026-04-09,PDF Translation Request: English to Korean,,,
2026-04-09,Youniverse App MVP Development - Complete Personal Profile System,,,
2026-04-09,OCR Analysis and LLM Router Creation for Manuscript Transcription,,,
2026-04-09,Webapp Factory: Multi-layer Pipeline with Next.js; Sanity & v0,,,
